Maestro, Brianna Rivera, 582674932170, 04/23, CVV: 771
Diners Club / Carte Blanche, Joyce Johnson, 30118862659111, 11/27, CVC: 314
Diners Club / Carte Blanche, Christopher Vance, 36922244684851, 10/28, CVC: 711
VISA, Garrett Decker, 4094218084140273, 03/30, CVC: 612
JCB, Jennifer Russell, 3575728394731884, 09/31, CVC: 230
VISA, Kimberly Jones, 4213719115198944996, 08/31, CVC: 906
Mastercard, Matthew Ellis, 2362172136218885, 10/30, CVV: 746
Discover, Samuel Allen, 6011568399336874, 06/30, CVC: 863
VISA, Alex Smith, 4069309062851583293, 09/31, CVC: 610
American Express, Kara Long, 342538266110804, 07/23, CID: 3778
JCB, Reginald Jones, 180097103413108, 09/24, CVC: 921
VISA, Joshua Palmer, 4524852648737, 04/32, CVC: 872
Discover, Timothy Ballard, 6576448194307486, 10/23, CVC: 907
VISA, Travis Taylor, 4000243414399707, 02/31, CVC: 248
JCB, Mike Buchanan, 3538012843850710, 02/24, CVC: 707
VISA, Michelle Johnson, 4081249423395125, 10/24, CVC: 460
VISA, Ryan Barton, 4459091811279105, 08/26, CVC: 283
JCB, Tonya Pruitt, 3587406860312531, 08/29, CVC: 281
VISA, Amy Moody, 4388430998319136834, 01/26, CVC: 692
American Express, Joseph Chung, 372890104461391, 06/25, CID: 5691
American Express, Manuel Rodriguez, 342716067686855, 12/25, CID: 5163
VISA, Lisa Thompson, 4344550383375582, 12/31, CVC: 643
JCB, Matthew Henry, 3550800978367259, 09/26, CVC: 797
American Express, Amanda Salinas, 343439153357393, 04/25, CID: 9139
JCB, Amanda Melton, 3540954812907359, 10/26, CVC: 732
JCB, Jason Garcia, 3549706520319835, 07/27, CVC: 030
VISA, Edward Carter, 4921826504408580, 02/27, CVC: 025
American Express, Danielle Barton, 342030013577469, 08/29, CID: 6791
VISA, Antonio Frank, 4880882000169324, 07/23, CVC: 179
JCB, Stephanie Haynes, 213178431473211, 09/32, CVC: 307
American Express, Fernando Miller, 340559616864728, 09/28, CID: 7528
VISA, Alison Morgan, 4955579921065710, 07/25, CVC: 535
Discover, Jeremy Lee, 6011690915156535, 03/30, CVC: 972
Maestro, Roy Moore, 060495209144, 12/29, CVV: 279
VISA, Brian Mason, 4827547920217, 07/26, CVC: 757
VISA, Patrick Wright, 4425609426078226625, 03/26, CVC: 592
Maestro, Karen Williams, 501887483177, 11/26, CVV: 750
VISA, Crystal Stewart, 4820372144854877, 11/23, CVC: 357
American Express, Theresa Schmitt, 340719648882227, 04/23, CID: 1767
Discover, James White, 6011160465660484, 09/30, CVC: 297
Mastercard, Laura Monroe, 2277051934546099, 05/26, CVV: 935
JCB, Todd Haynes, 3576772517303113, 06/28, CVC: 814
VISA, Denise Dunn, 4612552047402344, 05/32, CVC: 995
VISA, Alexandra Ross, 4675550807767, 09/29, CVC: 622
Mastercard, Donna Vargas, 5535030932753288, 08/29, CVV: 035
VISA, Christine Hill, 4991884805483930, 04/31, CVC: 288
JCB, Shelley Gardner, 3596102622877247, 10/32, CVC: 474
JCB, Stephanie Cook, 3552259192065694, 05/30, CVC: 858
VISA, Courtney Moore, 4474598842983217, 07/26, CVC: 655
JCB, Brittany Thompson, 3520185941447587, 07/24, CVC: 742
Mastercard, Melanie Rios, 2291186454121246, 10/31, CVV: 541
VISA, Erik Bradley, 4140449146499831915, 07/24, CVC: 800
American Express, Donna Bowers, 370041836367512, 08/26, CID: 4069
Mastercard, Catherine Johnson, 5184855534286012, 07/27, CVV: 811
JCB, Sheryl Walters, 180009668508990, 11/23, CVC: 933
Mastercard, Wanda Patrick, 2278217670117911, 05/25, CVV: 072
VISA, Donna Rodriguez, 4252571772006, 06/28, CVC: 484
VISA, James Holder, 4048591662304, 06/24, CVC: 137
VISA, Jeffrey Hill, 4221122409207088, 06/31, CVC: 047
American Express, Gina Flynn, 377904317144861, 10/30, CID: 5694
American Express, Matthew Franklin, 342430577863125, 05/23, CID: 1093
JCB, Amber Allen, 3552662288271581, 08/24, CVC: 549
VISA, Susan Cervantes, 4710084244474, 11/24, CVC: 512
Mastercard, Jonathan Pearson, 2283228114513170, 08/32, CVV: 798
American Express, Jeffrey Taylor, 340250323051896, 04/24, CID: 1784
Diners Club / Carte Blanche, Michelle Diaz, 30440202809853, 04/30, CVC: 000
VISA, Luke Zimmerman, 4953797451479, 08/29, CVC: 077
Diners Club / Carte Blanche, Benjamin Owens, 30397971980622, 11/25, CVC: 800
JCB, Dominique Rivera, 213188022576637, 03/24, CVC: 476
Discover, Carol Hill, 6584361754559422, 08/27, CVC: 000
JCB, Judy Smith, 3560371318943066, 04/25, CVC: 708
VISA, Isaac Taylor, 4477377128559042, 10/27, CVC: 933
Diners Club / Carte Blanche, Jennifer Farmer, 38201586266686, 08/30, CVC: 516
American Express, Michelle Villarreal, 342630197617393, 07/31, CID: 4656
VISA, Alexander Ruiz, 4445032914695345485, 03/32, CVC: 331
JCB, Ashley Lopez, 3520763590335764, 06/27, CVC: 828
Maestro, Joseph Allen, 503803589186, 12/30, CVV: 386
VISA, Jonathan Blackburn, 4193766843970752, 05/28, CVC: 431
American Express, Kathleen Long, 379650768179330, 06/23, CID: 8805
Mastercard, Samantha Williams, 2297484377970862, 09/27, CVV: 647
Diners Club / Carte Blanche, Tyler Lee, 30175815459098, 06/28, CVC: 203
VISA, Kevin Hobbs, 4492268154444424946, 10/30, CVC: 187
Mastercard, Kevin Rivera, 2585528353808297, 04/27, CVV: 647
JCB, Thomas Harris, 3573665610987324, 08/28, CVC: 617
Mastercard, Denise Gomez, 2701498640876979, 02/24, CVV: 878
American Express, Barry Sawyer, 377877921246704, 01/30, CID: 5654
Maestro, Anne Zavala, 502088375204, 06/32, CVV: 367
VISA, Linda Peters, 4910095192494, 09/27, CVC: 372
JCB, Renee Graves, 3577540630763938, 03/25, CVC: 012
Maestro, Charles Miller, 676170636523, 01/25, CVV: 421
Discover, Jo Harding, 6510060093131450, 01/28, CVC: 557
VISA, Jennifer Drake, 4428034026038, 08/23, CVC: 901
Maestro, Kim Goodman, 676148621961, 01/23, CVV: 070
VISA, Daniel Smith, 4585687141974, 04/32, CVC: 496
JCB, David Thomas, 3562867587805116, 11/26, CVC: 755
Discover, Michael Wells, 6517310752349130, 05/31, CVC: 275
Discover, Shannon Mitchell, 6522961607194775, 06/32, CVC: 384
Mastercard, Elijah Rivera, 2685733700803434, 04/23, CVV: 752
Mastercard, Cassidy Cox, 2286298706825073, 04/27, CVV: 772
JCB, Ashley Thomas, 3526239767467098, 07/31, CVC: 194
Discover, Anthony Ryan, 6574044034037797, 05/30, CVC: 245
Diners Club / Carte Blanche, Susan Collins, 30495531745392, 12/25, CVC: 879
VISA, Edward Bradford, 4789107607431543618, 05/30, CVC: 983
Maestro, Donna Wiley, 503805381244, 06/28, CVV: 498
VISA, Leonard Bartlett, 4353308415205964941, 07/28, CVC: 128
VISA, Tracy Perez, 4184299227003730949, 05/31, CVC: 584
VISA, Andres Alvarez, 4782542850281514986, 05/27, CVC: 359
VISA, Gary Galloway, 4213426846863614746, 05/26, CVC: 038
VISA, Stephanie Jones, 4667710143456, 11/31, CVC: 730
JCB, Amanda Ryan, 3541635077465717, 01/26, CVC: 553
VISA, Tanner Barnes, 4167112765875021269, 08/28, CVC: 220
JCB, Stephanie Thornton, 3578140011022399, 02/26, CVC: 076
Discover, Michael Torres, 6011972134995608, 05/25, CVC: 626
VISA, Laura Chase, 4791368856629726, 08/26, CVC: 494
Discover, Jessica Adams, 6011122006706630, 11/26, CVC: 452
JCB, Jessica Barnes, 213171784180939, 05/25, CVC: 801
VISA, Ryan Valentine, 4084403426448, 01/23, CVC: 712
VISA, Sarah Diaz, 4127288272260051664, 06/31, CVC: 858
JCB, Samantha Rice, 213130976309367, 09/27, CVC: 702
Diners Club / Carte Blanche, James Gordon, 36865280114210, 10/28, CVC: 995
VISA, Elizabeth Cortez, 4582382542494752, 11/24, CVC: 553
JCB, Adam Miller, 213124837001115, 04/23, CVC: 440
JCB, Joshua Marshall, 3583462336153995, 03/23, CVC: 728
JCB, James Ball, 213113866003704, 07/29, CVC: 954
VISA, Thomas Quinn, 4078078187319, 11/29, CVC: 614
JCB, Joy Crosby, 213139601101982, 09/32, CVC: 795
Mastercard, Catherine Conner, 2266615079092763, 03/32, CVV: 683
Diners Club / Carte Blanche, Matthew Hunt, 30257665905402, 01/29, CVC: 705
JCB, Diana Lloyd, 3520965469307861, 12/24, CVC: 325
Mastercard, Jason Travis, 2507102172316901, 09/28, CVV: 348
VISA, Vanessa Haynes, 4869779425324887, 07/32, CVC: 147
JCB, Linda Whitaker, 3580607349800031, 10/28, CVC: 493
American Express, Ronald Burke, 373192667340420, 11/31, CID: 2016
VISA, Ricardo Cruz, 4370704590045187954, 01/30, CVC: 598
VISA, Kyle Singh, 4332844784350789, 09/25, CVC: 387
American Express, Abigail Mitchell, 373322267165790, 12/26, CID: 2207
VISA, Rose Schroeder, 4865147975653500727, 09/28, CVC: 553
Mastercard, Wendy Myers, 2708463876062135, 11/28, CVV: 357
Mastercard, Carlos Harding, 5267121921538873, 08/25, CVV: 144
JCB, James White, 3585849252452708, 08/31, CVC: 293
American Express, Brandon Torres, 348896785022817, 06/30, CID: 4048
VISA, Michele Sanchez, 4733251128981, 08/24, CVC: 514
Diners Club / Carte Blanche, Ashley Blackwell, 36432015913091, 01/32, CVC: 353
VISA, David Smith, 4871326098433381432, 12/27, CVC: 565
Discover, Shelby Wallace, 6011647623485770, 04/32, CVC: 342
VISA, David Maxwell, 4732383495987, 02/24, CVC: 960
Diners Club / Carte Blanche, Richard Cervantes, 30264791373711, 06/27, CVC: 880
VISA, Gloria Wolf, 4326713017225899373, 10/31, CVC: 512
VISA, Travis Hinton, 4782293309689225647, 04/27, CVC: 094
Discover, Monique Carter, 6011689975111364, 06/28, CVC: 087
JCB, Christopher Kemp, 180098081197945, 01/28, CVC: 936
VISA, Elizabeth Cole, 4148727970785358267, 12/27, CVC: 694
VISA, Lindsey Robinson, 4864766238127163082, 10/25, CVC: 467
VISA, Gregory Taylor, 4782081088584, 01/27, CVC: 420
VISA, Maria Jacobson, 4934034883342656209, 05/25, CVC: 854
Discover, Brenda Hoffman, 6011109747978578, 12/23, CVC: 722
VISA, Casey Griffin, 4023946759030363, 05/23, CVC: 119
Diners Club / Carte Blanche, Veronica Mitchell, 30391350842750, 02/26, CVC: 459
JCB, Katie Bradshaw, 3518166815879612, 06/23, CVC: 676
VISA, Steven Mckay, 4723310473086847602, 04/28, CVC: 182
VISA, Brandon Smith, 4587419235976106772, 09/27, CVC: 781
Diners Club / Carte Blanche, Teresa Hinton, 38820052731616, 09/28, CVC: 299
Maestro, Leslie Olson, 503864558955, 06/23, CVV: 310
VISA, Emily Jones, 4717501784248, 12/24, CVC: 839
VISA, Jose Thompson, 4698892835581686, 02/32, CVC: 337
JCB, Sean Webb, 180025808987324, 06/25, CVC: 334
American Express, Cheryl Williamson, 340550055352465, 01/23, CID: 9416
Maestro, Jake Leonard, 676339918671, 07/31, CVV: 076
VISA, Barbara Martinez, 4593167256737968, 04/32, CVC: 304
VISA, Tamara Roth, 4630578418886749015, 02/32, CVC: 078
VISA, Lee Colon, 4011565027045, 09/31, CVC: 242
VISA, Whitney Smith, 4836955010724855892, 11/26, CVC: 432
JCB, Todd Thomas, 3507416858687346, 02/30, CVC: 864
JCB, Aaron Thomas, 3575023243497139, 10/26, CVC: 983
JCB, Jeffrey Rose, 3585058512339073, 09/24, CVC: 761
JCB, Adam Daugherty, 180011373921310, 07/29, CVC: 051
VISA, Amy Dougherty, 4173417536606378, 01/25, CVC: 504
VISA, Thomas Castillo, 4617391152693636, 11/31, CVC: 166
JCB, Adam Wright, 3591806218573805, 06/29, CVC: 632
Diners Club / Carte Blanche, Brandon Walters, 30222686585294, 07/31, CVC: 725
VISA, Melissa Smith, 4251059912774134788, 01/24, CVC: 983
Diners Club / Carte Blanche, Nicholas Carroll, 30501261370499, 06/28, CVC: 691
VISA, Richard Allen, 4050620355822269, 10/31, CVC: 551
VISA, Kevin Mckinney, 4167057508922367, 08/30, CVC: 475
Discover, Christopher Wise, 6547896214845032, 01/29, CVC: 553
VISA, Charles Morgan, 4173718994570042, 04/27, CVC: 140
American Express, Elizabeth Dixon, 374224874565421, 03/30, CID: 1073
Mastercard, Sonya Burton, 2282247075383580, 04/24, CVV: 547
VISA, Lori Clark, 4025019386765, 06/25, CVC: 459
JCB, Nicholas Webster, 213163530594752, 08/25, CVC: 977
American Express, Lisa Torres, 376739091151687, 07/26, CID: 5066
JCB, Austin Wood, 3595058340162430, 06/24, CVC: 967
VISA, Sara Espinoza, 4010526014233, 12/24, CVC: 902
VISA, Alexis Lucero, 4553484562677212696, 04/30, CVC: 232
Maestro, Kayla Evans, 586146096522, 06/31, CVV: 430
JCB, Christopher White, 213124836552589, 12/29, CVC: 644
JCB, Gloria Lee, 180039608438537, 09/32, CVC: 740
Discover, Danny Murphy, 6526208340544387, 05/25, CVC: 445
VISA, Matthew Harris, 4885340903822, 01/23, CVC: 606
VISA, Rebecca Smith, 4140355005207833, 01/30, CVC: 355
